<?xml version="1.0" encoding="UTF-8"?>

<beans:beans xmlns="http://www.springframework.org/schema/security"
    xmlns:beans="http://www.springframework.org/schema/beans"
    xmlns:xsi="http://www.w3.org/2001/XMLSchema-instance"
    xsi:schemaLocation="http://www.springframework.org/schema/beans http://www.springframework.org/schema/beans/spring-beans-3.0.xsd
                        http://www.springframework.org/schema/security http://www.springframework.org/schema/security/spring-security-3.0.xsd">

	<!-- HTTP security configurations -->
    <http auto-config="true" use-expressions="true">
    	<form-login login-processing-url="/resources/j_spring_security_check" login-page="/login" authentication-failure-url="/login?login_error=t"/>
        <logout logout-url="/resources/j_spring_security_logout"/>
        
        <!-- Configure these elements to secure URIs in your application -->
        <intercept-url pattern="/choices/**" access="hasRole('ADMIN')"/>
        <intercept-url pattern="/member/**" access="isAuthenticated()" />
        <intercept-url pattern="/resources/**" access="permitAll" />
        <intercept-url pattern="/login**" access="permitAll" />        
        <intercept-url pattern="/**" access="isAuthenticated()" />
    </http>

	<!-- Configure Authentication mechanism -->
    <authentication-manager alias="authenticationManager">
		<authentication-provider>
			<!-- password-encoder hash="md5"/ -->
			<jdbc-user-service data-source-ref="dataSource"
			users-by-username-query="SELECT username, password, enabled FROM user WHERE username=?"
			authorities-by-username-query="SELECT u.username, af.feature_id as authority 
                                           FROM user u, user_security_role ur, security_role_application_feature raf, application_feature af
                                           WHERE u.id = ur.user_id AND ur.securityRoles_id = raf.SecurityRole_id AND raf.applicationFeatures_id = af.id
                                           AND u.username = ?" />
		</authentication-provider>
	</authentication-manager>
</beans:beans>